epoch,train_loss,train_ppl,val_loss,val_ppl
1,7.174430135484937,1305.6158648011522,6.449556064834069,632.4214763516718
2,6.456756701359859,636.9917482202096,6.068434664461649,432.0039209437704
3,6.1372938665833985,462.7994776212171,5.8235876502408415,338.1831627183013
4,5.901811718821644,365.69941256424096,5.669156538658747,289.790004614551
5,5.717096605024614,304.02094742165957,5.54897283444466,256.97346600405325
