epoch,train_loss,train_ppl,val_loss,val_ppl
1,7.187391095347219,1322.648037845429,6.45057107630835,633.0637172925736
2,6.413679408264922,610.1344899932036,5.985443017326476,397.59862531789366
3,6.0461337897446485,422.47648554966355,5.742670889423122,311.8963401274137
4,5.815441155886197,335.4393469069023,5.602437672876234,271.08642266834846
5,5.63506158319982,280.07616476573793,5.4971889573205415,244.0050586671089
