epoch,train_loss,train_ppl,val_loss,val_ppl
1,7.221923847655793,1369.1205079245126,6.49925103611448,664.6436524904598
2,6.445553849150727,629.895447428591,6.010633446791329,407.7415210452403
3,6.0669869276193475,431.37894546057703,5.751346593986404,314.6140325307031
4,5.829761165005344,340.2773992150749,5.6007441245521195,270.62771324447186
5,5.656241532686826,286.07142937232123,5.503655249399541,245.5879789420806
