epoch,train_loss,train_ppl,val_loss,val_ppl
1,7.185611336143105,1320.2961363562442,6.442013142387941,627.6691160771543
2,6.408966427916414,607.2657037087749,5.973090677481146,392.7175603254333
3,6.03265724934779,416.8211568500629,5.726641605443421,306.93672088433095
4,5.789836231406991,326.9594742981034,5.578893050074185,264.7783471331333
5,5.608303369699301,272.6812061221295,5.485221276772804,241.1022884321675
