epoch,train_loss,train_ppl,val_loss,val_ppl
1,7.2055402811947875,1346.8721822093628,6.483306171436647,654.1300411935244
2,6.45363875416728,635.0087346594376,6.0319582259216125,416.5298909096163
3,6.106446167567631,448.74112729732445,5.803247820578161,331.374057560558
4,5.8798248965542514,357.7465935628219,5.647108172628203,283.4705315536792
5,5.713247481164161,302.8529824018974,5.550709484794546,257.4201267982538
