epoch,train_loss,train_ppl,val_loss,val_ppl
1,7.3055024913974576,1488.467716186715,6.919568697944511,1011.883472983548
2,7.134497346220674,1254.5062479451688,6.91361857930617,1005.8805231137203
3,7.121677817879142,1238.5267134323274,6.911671305373557,1003.9237040414575
4,7.1193566960650125,1235.6552758278094,6.914390476903884,1006.6572596150529
5,7.117265584109189,1233.0740820304306,6.907919541763995,1000.1642762737275
