epoch,train_loss,train_ppl,val_loss,val_ppl
1,7.178932191846849,1311.507072335175,6.448046111232754,631.4672698509729
2,6.43420251861557,622.7857247503912,6.028762979944179,415.2010994894617
3,6.07843624509417,436.34632223291317,5.765628701803464,319.1396246345129
4,5.8469214753790215,346.16705462658615,5.636453518357972,280.4662840738386
5,5.670316727606805,290.12641088484617,5.522620553779088,250.29007713863786
