epoch,train_loss,train_ppl,val_loss,val_ppl
1,7.140941785170243,1262.6169432419626,6.373173807738463,585.9144608863405
2,6.344709302519227,569.4718216275625,5.932718422840328,377.17845196446575
3,5.9924706045564236,400.4026254775971,5.712291869671892,302.5637108490698
4,5.767811698989792,319.83706651699936,5.590592642381354,267.89433821589773
5,5.5899185519832955,267.71381406644576,5.474403428731654,238.5081373779935
6,5.445991370823238,231.8269923443593,5.403192884798572,222.11447115220892
7,5.331084357632267,206.6619481611888,5.355036005792558,211.67159761932265
8,5.236270124262029,187.96769712475046,5.303969008592174,201.1335285404326
