epoch,train_loss,train_ppl,val_loss,val_ppl
1,7.200544960848935,1340.1609006506396,6.469618833268413,645.2377369271496
2,6.469016102286843,644.84894933156,6.058886028342317,427.89850445768724
3,6.138269165774563,463.25106575838873,5.817916595375634,336.270735313845
4,5.895538962685264,363.412648983342,5.664267610483132,288.37669968414866
5,5.712016863541884,302.48051541402003,5.552187592495847,257.80090281479875
