epoch,train_loss,train_ppl,val_loss,val_ppl
1,7.2399123965443435,1393.9718487663356,6.545797839845522,696.3120028511476
2,6.516244955948897,676.035071726162,6.102567461499623,447.00396351563825
3,6.173160294790963,479.6997056000191,5.864817341870443,352.4177782561198
4,5.94125781073556,380.41311644259565,5.693925241980143,297.05735718144933
5,5.757749018731055,316.63478715957984,5.578990581755651,264.80417266992856
