epoch,train_loss,train_ppl,val_loss,val_ppl
1,7.150919324510938,1275.2778105827438,6.401857309732492,602.9638892234934
2,6.3728523740282546,585.7261584923027,5.951893640328081,384.48071834000444
3,6.0110694368878805,407.9193310692571,5.715334443266753,303.4856850824455
4,5.776925672898878,322.76537720011015,5.571018094539785,262.70141801857324
5,5.600958081987592,270.68562225077585,5.474985716693311,238.64705823719268
6,5.460049068058407,235.10896042241222,5.3966643996525585,220.66912322633462
