epoch,train_loss,train_ppl,val_loss,val_ppl
1,7.18357210702353,1317.6064933597477,6.4356148787438245,623.6659439233879
2,6.391076030788365,596.4980847909346,5.98084815309919,395.77590440205915
3,6.034934378289557,417.77139386536487,5.772793232484765,321.43432066122017
4,5.824819879217462,338.6001386629678,5.640266773266123,281.5378152204362
5,5.667463994288182,289.2999370211595,5.560496312849039,259.95182174100404
