epoch,train_loss,train_ppl,val_loss,val_ppl
1,7.142047220891292,1264.013456848826,6.3607104800126395,578.6573348510277
2,6.308924944131643,549.4539375039678,5.885279358878388,359.7032402557929
3,5.944991345172162,381.83605655803404,5.662776584933526,287.9470430511166
4,5.720736860871672,305.12967826074083,5.539232854891665,254.48269939839045
5,5.548106335974359,256.7508953313524,5.441476300532716,230.78263662260366
