epoch,train_loss,train_ppl,val_loss,val_ppl
1,7.246745685954671,1403.5298810474462,6.550465671147675,699.569867479997
2,6.518523002361561,677.5768664693729,6.085083135549482,439.25632897143475
3,6.15438567055808,470.777541102661,5.826646089482471,339.2190586789605
4,5.910894254347185,369.03601996108785,5.670245442480358,290.1057299240918
5,5.728000566556856,307.3541195023068,5.562397039996332,260.44638909547774
