epoch,train_loss,train_ppl,val_loss,val_ppl
1,7.168323708342744,1297.6675093721894,6.441820951037619,627.5484950937064
2,6.410840744262451,608.4049790913315,5.998098026881921,402.6622120122299
3,6.0625346461971565,429.4625942288933,5.758181245410489,316.7716747433287
4,5.8341458617866815,341.77268823099547,5.6223137811856585,276.5284699673458
5,5.65854133020986,286.73009284300207,5.5120840015542685,247.66672746998478
