epoch,train_loss,train_ppl,val_loss,val_ppl
1,7.26227143522981,1425.4907725931469,6.599362882444581,734.6269963547937
2,6.571396842464939,714.3670046996372,6.207108613367889,496.26428295866054
3,6.317188149565584,554.0129985538289,6.019803872974787,411.4978819563791
4,6.14539163286512,466.56233443174654,5.903284998862054,366.2385872897163
5,6.020461069596754,411.7684058583079,5.814178179495708,335.01596234994634
