epoch,train_loss,train_ppl,val_loss,val_ppl
1,7.275048927589134,1443.8218331413043,6.637209249306353,762.9627802585402
2,6.600588609407713,735.5280005518335,6.228035149264571,506.75879924916933
3,6.310649616496785,550.4023831698186,5.989915192680279,399.38073808089496
4,6.0876628583246895,440.3909514038618,5.836067585486989,342.43011239756413
5,5.911292451006787,369.1829981326756,5.711867146918745,302.4352324425783
