epoch,train_loss,train_ppl,val_loss,val_ppl
1,7.198262495713515,1337.105518347298,6.448351067220761,631.6598689417747
2,6.392250203467035,597.1988878963897,5.956733450708329,386.3460423778776
3,6.019880259549105,411.5293160704779,5.7248471770162395,306.3864387756176
4,5.784940762476964,325.3627658574205,5.5733706933301,263.3201766167944
5,5.607440626466429,272.4460537094786,5.487122143217633,241.5610275447828
