epoch,train_loss,train_ppl,val_loss,val_ppl
1,7.152226211307766,1276.9455438476061,6.362136719077692,579.4832273673569
