epoch,train_loss,train_ppl,val_loss,val_ppl
1,7.172961576120717,1303.699897596956,6.434233675171464,622.8051289109164
2,6.424381558116261,616.6993069028621,6.016014548983627,409.9415337760161
3,6.078408626171497,436.334270984003,5.7688270961050145,320.1619930885161
4,5.841911844202093,344.4372218870284,5.630232700649331,278.7269700340624
5,5.661715732349621,287.6417356581694,5.514176213859049,248.18544128517945
