epoch,train_loss,train_ppl,val_loss,val_ppl
1,7.17701661884487,1308.9971894948926,6.43244071893084,621.689467033681
2,6.389258405188104,595.4148593488861,5.954470590501801,385.47278369642055
3,6.016815963444057,410.2701985298676,5.732040946764062,308.5984591131285
4,5.793535944703337,328.1713710654649,5.574929076374309,263.73085022551436
5,5.620290197454371,275.9694572495607,5.482296758267523,240.3982103744569
