epoch,train_loss,train_ppl,val_loss,val_ppl
1,7.1703260190241584,1300.2684459597026,6.4278680120032545,618.8531530594411
2,6.424546100757458,616.800788584447,6.020133759082702,411.63365178413164
3,6.094613366312795,443.46255446464914,5.811942091961529,334.26767426340797
4,5.882437076721039,358.6823137220105,5.679777421411801,292.8842329080236
5,5.711189057562615,302.23022384546937,5.596929418009507,269.59731452005246
