epoch,train_loss,train_ppl,val_loss,val_ppl
1,7.251764967248633,1410.592301635613,6.556363975099018,703.7083361686038
2,6.5355033202843,689.1805756062914,6.1175716893111325,453.76148171369215
3,6.181625857338919,483.7778710891571,5.860166440785056,350.7825236800257
4,5.938272391880428,379.2791175251551,5.6962557980772335,297.7504733757794
5,5.763759799770542,318.54374093881427,5.595819485826215,269.29824578784616
