epoch,train_loss,train_ppl,val_loss,val_ppl
1,7.2019261213449335,1342.0131567819503,6.483426046671178,654.2084598857618
2,6.508940019331255,671.1146718606935,6.116923533596346,453.4674689095019
3,6.185535909174444,485.67317058694476,5.857834657271156,349.96552767343576
4,5.942313834980175,380.81505410713504,5.696527900827106,297.8315031220692
5,5.772869689362151,321.45889746518367,5.598601847771077,270.04857433748754
