epoch,train_loss,train_ppl,val_loss,val_ppl
1,7.347438087234726,1552.214790696626,6.914856907851108,1007.1269052342959
2,7.126099785605629,1244.0155654066712,6.917393967406688,1009.6852901881086
3,7.122473846305977,1239.5130084109521,6.912845860052808,1005.103560092732
4,7.120025824833583,1236.482365004623,6.91279350615875,1005.0509403848647
5,7.117997303828374,1233.9766768344043,6.914209022453465,1006.4746137467031
