epoch,train_loss,train_ppl,val_loss,val_ppl
1,7.199909493163392,1339.3095422388765,6.472315691788372,646.9802003479574
2,6.435199313111358,623.4068236354258,6.00940568387883,407.24121831722886
3,6.0757274732484925,435.1659589893821,5.773616978452078,321.6992099723933
4,5.848399583395425,346.6791052648937,5.637780263301892,280.83863825306605
5,5.671735311483408,290.5382715939164,5.523783287292681,250.5812670547777
