epoch,train_loss,train_ppl,val_loss,val_ppl
1,7.176638481262085,1308.5023020354556,6.430634067287634,620.5673047199219
2,6.433975461717847,622.644333008376,6.047615625871866,423.1029905430754
3,6.120791512888509,455.2248682900439,5.8110392660981915,333.9660249506952
4,5.895495473326265,363.3968447438461,5.668229447335977,289.52146731438177
5,5.718695968776554,304.50757654955856,5.554947734771107,258.51345290269524
