epoch,train_loss,train_ppl,val_loss,val_ppl
1,7.175150218662563,1306.5563553969266,6.45232705076595,634.1763375906929
2,6.457511526959522,637.4727474109537,6.0569502256188485,427.0709785892227
3,6.137733439465503,463.00295644004046,5.832274342325411,341.13365216438103
4,5.910256132855639,368.80060526517286,5.66658256097455,289.045050768157
5,5.7245911017998115,306.3079908467114,5.555674863910647,258.7014939240317
