epoch,train_loss,train_ppl,val_loss,val_ppl
1,7.205551042185201,1346.886675965987,6.484961831687418,655.2139553507533
2,6.457945339210503,637.7493508910985,6.042375242306921,420.89156799710514
3,6.092873408006026,442.6916190015467,5.781950954618799,324.39144645604324
4,5.856701357857688,349.5691366034988,5.636152581160956,280.3818940351396
5,5.685406097998986,294.53743182886006,5.529862615242221,252.10927267281656
