epoch,train_loss,train_ppl,val_loss,val_ppl
1,7.233628034829855,1385.2390940838197,6.525449290670916,682.2862496439967
2,6.50148442646602,666.1297200779372,6.083874539892247,438.72576636224255
3,6.162336602911249,474.5355816506967,5.853641457059576,348.5011245621749
4,5.933975573186274,377.6529201622773,5.6901037077174434,295.9243086837526
5,5.747580980325674,313.4315454240396,5.575064809548573,263.76664968049886
