epoch,train_loss,train_ppl,val_loss,val_ppl
1,7.173809011023004,1304.805166647927,6.409666407076195,607.6909258517777
2,6.382195584662073,591.2243668267377,5.973022989868511,392.6909791109547
3,6.043490558475643,421.36125704537756,5.761571617120756,317.84747111229115
4,5.816506776895437,335.79698864372307,5.619293991586685,275.6946717511348
5,5.632683235210377,279.4108376856586,5.518977513323284,249.37991913975605
6,5.489891646268008,242.23095880755187,5.426470160662718,227.34533491491564
