epoch,train_loss,train_ppl,val_loss,val_ppl
1,7.2279734144677645,1377.4281975359813,6.5456534610897865,696.211477447613
2,6.5551876931281,702.8810633883995,6.146067207853654,466.8776387693504
3,6.222111237989916,503.7656793262515,5.901084062547178,365.43340588457187
4,6.006452899593692,406.0404964562602,5.757546491660033,316.5706665368528
5,5.843764760039307,345.07602671341164,5.64891685321994,283.98370314428195
