epoch,train_loss,train_ppl,val_loss,val_ppl
1,7.237411363736971,1390.4898355696848,6.573364640595277,715.7741187600134
2,6.570531181522183,713.7488726698539,6.173813291525135,480.01305023653674
3,6.242287424775389,514.0329789485373,5.911968973074727,369.4328430813022
4,6.015009157902949,409.5295893316934,5.751886422175271,314.7839159038675
5,5.8510516125719985,347.59972858733863,5.655520852616147,285.8653376663945
