epoch,train_loss,train_ppl,val_loss,val_ppl
1,7.20774478845663,1349.8446469220273,6.575125604930377,717.0356819129883
2,6.609141421722961,741.8458125105288,6.312743912981999,551.5562968432567
3,6.382136025271573,591.1891549124115,6.14448745148655,466.1406681171535
4,6.159174825285341,473.03757509568464,5.8933408811969406,362.61471564950614
5,5.966299070821299,390.0594138872611,5.756501234922892,316.2399417911196
