epoch,train_loss,train_ppl,val_loss,val_ppl
1,7.221999712400026,1369.2243798417294,6.510660114276912,672.270046207635
2,6.477129363156222,650.102058184622,6.077852992446292,436.0918962895944
3,6.132015331165417,460.36301033386405,5.824258147510573,338.4099896404913
4,5.895938304039863,363.5578036640697,5.6776109999148865,292.2504090224878
5,5.715004332653888,303.385517771003,5.555961768593627,258.77572724256663
