epoch,train_loss,train_ppl,val_loss,val_ppl
1,7.202270786959927,1342.4757822929353,6.490288298703068,658.7132420163665
2,6.480185849802358,652.0921262029641,6.064194582636861,430.17606683430756
3,6.1257291011638815,457.47813954738893,5.80586897745278,332.24378029151126
4,5.887470159140023,360.49214205625697,5.663396258583971,288.1255315430151
5,5.711211573232066,302.2370288378967,5.551956505305894,257.74133521152
