epoch,train_loss,train_ppl,val_loss,val_ppl
1,7.237124451152333,1390.0909437633245,6.496366293620864,662.7290895412636
2,6.409723721065006,607.725756040822,5.9720601734377174,392.31307174094866
3,6.035021513253897,417.8077979468827,5.744604834893691,312.50011428665675
4,5.807667691748102,332.841929717345,5.604074989668233,271.53064058375395
5,5.632892340451449,279.46927006527665,5.504996983528994,245.91771387404927
