epoch,train_loss,train_ppl,val_loss,val_ppl
1,7.170195015517624,1300.0981173909095,6.413769760805488,610.1896196849776
2,6.361046377119127,578.851736823154,5.927321481833163,375.1483252746487
3,5.997915930085845,402.5888951891032,5.714267331802428,303.16200476084157
4,5.775292784303099,322.23876736117745,5.572014460553669,262.9632952243951
5,5.599083728485413,270.17873689628937,5.470663755891281,237.61786068377435
6,5.458940349258743,234.84843514934423,5.401594849483441,221.75980784103
