epoch,train_loss,train_ppl,val_loss,val_ppl
1,7.169699023415397,1299.4534388835038,6.40111034054201,602.5136619491558
2,6.3707160697235805,584.4762047946657,5.946679848748316,382.4813327272872
3,6.016746567679452,410.2417285036071,5.735582629851473,309.69335479885
4,5.791748361749487,327.58526153238574,5.586795575388247,266.8790542370996
5,5.61601292717826,274.7915821338357,5.491289862541694,242.56988696836493
6,5.47617756093775,238.931657925566,5.42197663025455,226.32604356277446
