epoch,train_loss,train_ppl,val_loss,val_ppl
1,7.200723656645783,1340.400403169095,6.468145227475068,644.2876110873341
2,6.410173654318094,607.9992535904299,5.979641134815279,395.2984838347539
3,6.043316673446488,421.2879950006824,5.751551572879037,314.67852837661576
4,5.811888149806431,334.2496436309885,5.593841006248449,268.76597142882827
5,5.628003010383019,278.10618755552986,5.490967015383736,242.49158660995525
