epoch,train_loss,train_ppl,val_loss,val_ppl
1,7.184354658250685,1318.6379914854556,6.470716752751935,645.946545045946
2,6.444668931799097,629.3382885735759,6.023483066849993,413.0146509760025
3,6.085732538145144,439.5416758140917,5.782478218626669,324.562531489747
4,5.8448548550372355,345.4523974667043,5.612586919578454,273.851754931921
5,5.661469161808193,287.5708204228342,5.514585915028567,248.28714398316595
