epoch,train_loss,train_ppl,val_loss,val_ppl
1,7.190847507366291,1327.2275642262352,6.473836137519843,647.9646468410066
2,6.445134002845604,629.6310436607308,6.0337645427369315,417.2829557877685
3,6.1002568260177625,445.9722926636554,5.800428930423603,330.44126582861395
4,5.862935760757187,351.7552990701903,5.636952591884354,280.6062923055575
5,5.685118327964912,294.4526849764538,5.545115412512571,255.98412030897944
