epoch,train_loss,train_ppl,val_loss,val_ppl
1,7.156093708404176,1281.893689332188,6.402591631534534,603.4068213606537
2,6.3791393804978895,589.4202227754392,5.954495678473219,385.4824545479107
3,6.0290465769353325,415.31886597032116,5.730848069178134,308.2305584020821
4,5.812109482752812,334.3236322772007,5.606608263356569,272.2193740179378
5,5.6403683139370395,281.56640421053015,5.51827845577707,249.20564914488153
6,5.498739021998662,244.38357557688892,5.433529116228932,228.9558330622628
