epoch,train_loss,train_ppl,val_loss,val_ppl
1,7.183994725748494,1318.1634562191527,6.446453056946303,630.4621090604126
2,6.409812761472536,607.7798705989617,5.996002977674359,401.8194979360061
3,6.0693675497552375,432.4071190879598,5.773165866094804,321.55412021180206
4,5.847437839527111,346.345849040385,5.636019901400089,280.34469550028854
5,5.670663149564059,290.2269344547367,5.525347824975853,250.97361773346046
