epoch,train_loss,train_ppl,val_loss,val_ppl
1,7.1574630427670165,1283.6502327836822,6.439839961107032,626.3065583821773
2,6.405011813004653,604.8689439559886,6.008127198109403,406.7208988962466
3,6.0624071577569465,429.40784620257085,5.787284081940593,326.12608876481414
4,5.850693195373505,347.4751651905865,5.637787782514356,280.84074994639434
5,5.686125499980672,294.7493988766136,5.5504543486557765,257.35445799865914
