epoch,train_loss,train_ppl,val_loss,val_ppl
1,7.1886272501874044,1324.284046591009,6.474250372424521,648.2331120147095
2,6.421703237158197,615.0497981673182,5.9815344920382465,396.0476340550446
3,6.053477098653604,425.59027967350136,5.752859095904828,315.0902469052617
4,5.826826144169856,339.2801421595443,5.6064081032166975,272.1648920027044
5,5.652552923837027,285.01816749601176,5.500870640711026,244.90506378913744
