epoch,train_loss,train_ppl,val_loss,val_ppl
1,7.186045008820373,1320.8688368897951,6.435814920280979,623.7907154968138
2,6.398741678758101,601.0881997492023,5.9644564822989645,389.34135663338924
3,6.031034529149592,416.1453212341603,5.734556787851077,309.37582124572793
4,5.798749188681344,329.8866757554841,5.584015422793642,266.1381201741339
5,5.61796290962608,275.32794367364295,5.484978761761462,241.04382459741907
