epoch,train_loss,train_ppl,val_loss,val_ppl
1,7.211123047770558,1354.4124834968206,6.496479776868275,662.8043024581212
2,6.476596418794219,649.7556822657307,6.057770427776932,427.42140681886605
3,6.124608201818628,456.96563988423026,5.803218022323375,331.36418333907955
4,5.870880956297273,354.5611956415926,5.645918923200729,283.13361476508123
5,5.672560702313434,290.7781782138036,5.540849313447661,254.89439278819304
