epoch,train_loss,train_ppl,val_loss,val_ppl
1,7.18508134855257,1319.5965811822994,6.450583691726862,633.0717037066881
2,6.4026926471279575,603.4677779375196,5.977395037839742,394.4116014905102
3,6.042416964139377,420.90912873091753,5.745851074710859,312.8898071468933
4,5.811496091055703,334.1186238186856,5.598255293200166,269.9550039842363
5,5.628034369214312,278.11490877728977,5.502258615057042,245.2452217455359
