epoch,train_loss,train_ppl,val_loss,val_ppl
1,7.157768141854179,1284.0419330485986,6.406506348855122,605.7736181431761
2,6.372193150706106,585.3401613913562,5.947089380220324,382.6380029489982
3,6.011990169426063,408.295088629887,5.722573005735642,305.6904552286471
4,5.785123595467338,325.42225834328747,5.591317920547801,268.08870660737534
5,5.613321454851301,274.0529826008123,5.4933423116798705,243.0682605921261
6,5.475345919301341,238.73303501356824,5.423241157297673,226.61241999263228
7,5.364414819589743,213.66616483630062,5.373218352121709,215.55548601746412
