epoch,train_loss,train_ppl,val_loss,val_ppl
1,7.099205597297295,1211.0046668932216,6.392002022505449,597.0506928924833
2,6.252155367787425,519.1305369319047,6.126220465919565,457.70298341731103
3,5.892556388656814,362.33035866268995,5.910429250476818,368.86445667538834
4,5.656697298977877,286.2018408029717,5.798028242156306,329.6489308139341
5,5.479985607730282,239.8432554605923,5.680623977065122,293.13228068947245
6,5.342950150206849,209.1287623807776,5.618417241051682,275.4530622312944
