epoch,train_loss,train_ppl,val_loss,val_ppl
1,7.179984913958417,1312.8884518064833,6.449977394778798,632.6879905986222
2,6.419201545543842,613.5130562734569,6.003541035268236,404.8598813496423
3,6.056748896569282,426.98500544974144,5.752774182924501,315.0634927892269
4,5.813899164552336,334.92250092935546,5.59672472784527,269.54213624888285
5,5.628236461471725,278.1711193266919,5.496211485675765,243.7666671705249
