epoch,train_loss,train_ppl,val_loss,val_ppl
1,7.154064958269422,1279.2956835805533,6.403530962343738,603.9738862675149
2,6.361929062720422,579.3629064843931,5.944395493048103,381.6086065027204
3,6.0113485080974325,408.03318549638567,5.727347333999995,307.1534113466503
4,5.7874992639272955,326.1962727754068,5.581898871669867,265.575420937715
5,5.606945627100103,272.31122645798933,5.480867181770533,240.05478827555493
6,5.459592251391797,235.0015832585283,5.397237294878441,220.7955797332366
