epoch,train_loss,train_ppl,val_loss,val_ppl
1,7.194153003521137,1331.621968678685,6.444174411874158,629.0271451899919
2,6.408155195005647,606.77326955075,5.984691004880136,397.29973860035824
3,6.045110740147152,422.04449216417777,5.740504630487574,311.2214231800125
4,5.80415117681086,331.67354163084474,5.5825704156692355,265.75382641488477
5,5.6174305611914335,275.1814122801534,5.484255957268056,240.8696599889558
