epoch,train_loss,train_ppl,val_loss,val_ppl
1,7.206303840869671,1347.9009922238552,6.490957856428048,659.1544362421238
2,6.429605558797435,619.9293740930456,6.0026266793939245,404.48986452816376
3,6.0518793230885635,424.9108248766037,5.762765373879655,318.22713024447165
4,5.8179412531209636,336.2790270942259,5.601656961569491,270.87486502653377
5,5.637516584786979,280.7645968999873,5.492471011018225,242.85656729349515
