epoch,train_loss,train_ppl,val_loss,val_ppl
1,7.169346089129681,1298.9948981343662,6.429730764016246,620.0069973452933
2,6.431824320203417,621.3063765177322,6.029642501015822,415.56643824344735
3,6.103734588051414,447.52597827960216,5.802759227478657,331.2121900295789
4,5.880604412410404,358.0255714246956,5.672799140241681,290.8475190266077
5,5.704332849481603,300.1651578928248,5.582073359245385,265.62176459211
