epoch,train_loss,train_ppl,val_loss,val_ppl
1,7.1750263648552375,1306.3945434385457,6.458784307059111,638.2846266001251
2,6.418898299976544,613.3270393644891,5.990776320768309,399.72480417350135
3,6.051383935011827,424.7003812502188,5.748157574722989,313.61232040898625
4,5.822687362457489,337.87883755903715,5.607014961493868,272.3301076463415
5,5.652305356748811,284.9476151117805,5.512086929086082,247.66745252326987
