epoch,train_loss,train_ppl,val_loss,val_ppl
1,7.194976164029909,1332.7185585687405,6.468997290519068,644.8368186969751
2,6.444655507951826,629.3298404892118,6.028143250060916,414.9438666762081
3,6.089447359700541,441.17753128025544,5.77660926906194,322.6632691508745
4,5.8512107270819085,347.6550411481965,5.626723347292515,277.7505329396497
5,5.670821419486275,290.2728722842703,5.515429631923709,248.49671643886978
