epoch,train_loss,train_ppl,val_loss,val_ppl
1,7.200151952234777,1339.6343093565613,6.477553895974865,650.3781064354139
2,6.458678567087972,638.2171379703157,6.037505351508745,418.8468548290126
3,6.094493792130873,443.40953096267003,5.78413639608096,325.101160209555
4,5.862664289407797,351.65982054492497,5.640170056104161,281.5105869987025
5,5.696480068412575,297.81725746285645,5.547221781500297,256.5238855942086
