epoch,train_loss,train_ppl,val_loss,val_ppl
1,7.256636712934587,1417.481115244872,6.559255719862809,705.7462261737298
2,6.520242307093237,678.7428296177304,6.0959312349905765,444.04736514214375
3,6.163290288183953,474.9883551136659,5.854817353476667,348.91116682226397
4,5.929660770442936,376.02693273648845,5.688017860996049,295.3076992346623
5,5.7442924235607835,312.40250095796773,5.573887094271036,263.45619051959807
