epoch,train_loss,train_ppl,val_loss,val_ppl
1,7.183060150641899,1316.9321089494244,6.454434877953391,635.5144815093239
2,6.4021617111030755,603.1474601959959,5.974456462700258,393.2542946130557
3,6.022758438156083,412.71547711697235,5.73859818072349,310.6286603869921
4,5.791793876118236,327.60017170808675,5.604182547917804,271.55984751485505
5,5.613744313185746,274.168892693632,5.497326239038106,244.03855840005497
