epoch,train_loss,train_ppl,val_loss,val_ppl
1,7.165871291965633,1294.488987442839,6.414919572189089,610.8916261660266
2,6.381745655219872,590.9584174108783,5.957721480421234,386.72795238535906
3,6.0255991690880535,413.88955757271054,5.733670115221122,309.101627750557
4,5.800507581198251,330.46725631221943,5.602220619627545,271.02758886489784
5,5.625045597731888,277.28492779867383,5.4957878613179405,243.66342354248752
6,5.484973582116279,241.04257607916756,5.42567784113286,227.16527610751484
