epoch,train_loss,train_ppl,val_loss,val_ppl
1,7.187169359875964,1322.3547923721155,6.472706541262926,647.2331216431676
2,6.467395217506797,643.804570121998,6.075203808936057,434.9381377628017
3,6.133180201470435,460.89958599398295,5.834356641669503,341.84473463087147
4,5.902822749836223,366.0693329813533,5.676707275468266,291.9864144904431
5,5.728054820717155,307.3707951943334,5.575069890625995,263.76798990267207
