epoch,train_loss,train_ppl,val_loss,val_ppl
1,7.106869371740015,1220.3211877674278,6.570961325513285,714.0559534983406
2,6.239939728221455,512.8276009797412,6.3940848122453735,598.2955198562624
3,5.8824622495310175,358.6913428773807,6.451796933299444,633.8402387311002
4,5.6481366757746345,283.7622318689351,6.4342165722600075,622.7944772210295
5,5.475742645911523,238.8277655511077,6.331346136622356,561.9124959544571
