epoch,train_loss,train_ppl,val_loss,val_ppl
1,7.204021107543122,1344.8276029067135,6.485586815628239,655.6235815422118
2,6.4526938744239155,634.4090111471166,6.028309927697454,415.0130343033898
3,6.083768458752246,438.6792283012479,5.77573025080302,322.3797668659051
4,5.845667591819039,345.7332734601523,5.6155414261599566,274.6620481631377
5,5.664719735468542,288.5071114742787,5.505417061936745,246.02104029681146
