epoch,train_loss,train_ppl,val_loss,val_ppl
1,7.182428537191568,1316.100579546461,6.434682494257425,623.0847184774792
2,6.397573750216763,600.3865814846059,5.9710917338679845,391.93332414952795
3,6.038619120995124,419.31361355795127,5.736667183622276,310.0294160999242
4,5.807468423833857,332.7756116079921,5.588197941909968,267.25357903725154
5,5.6238411494663785,276.95115349562536,5.482614875731801,240.47469740884375
