epoch,train_loss,train_ppl,val_loss,val_ppl
1,7.1776289320611335,1309.7989512136705,6.424939965102816,617.0437722714232
2,6.391672467851972,596.853964476442,5.9738400241494425,393.01195220785723
3,6.026795100975227,414.3848373938142,5.738477727889443,310.5912465378597
4,5.790336549341619,327.12309891574364,5.584165748098374,266.178130475355
5,5.607700487474104,272.516861015163,5.486695199839122,241.4579166763839
