epoch,train_loss,train_ppl,val_loss,val_ppl
1,7.207023325261774,1348.871134909271,6.490111408815952,658.5967326103162
2,6.451253970067103,633.4961802003099,6.051612290248511,424.7973748803794
3,6.102032227473302,446.7647758008762,5.80206269541389,330.9815704452731
4,5.86329197335791,351.8806210594008,5.633986412711716,279.77519696380256
5,5.675010696395889,291.49145643666105,5.517553576949256,249.02507070269658
