epoch,train_loss,train_ppl,val_loss,val_ppl
1,7.1546763740219435,1280.0781042814237,6.401384695887173,602.6789874707787
2,6.413157202980735,609.8159577153223,6.033620503661662,417.2228550652211
3,6.103320107474313,447.34052588971895,5.8155666323915565,335.48143930466046
4,5.880890702867841,358.12808540299955,5.676462960435901,291.91508653373756
5,5.704275178385305,300.1478475382569,5.581852201001083,265.56302664443456
6,5.565029686862058,261.132955812738,5.511459154770139,247.5120220504148
