epoch,train_loss,train_ppl,val_loss,val_ppl
1,7.168174547391695,1297.4739624875244,6.424655194126964,616.8680811313063
2,6.417734331422515,612.613561290907,6.015726883730393,409.82362480086204
3,6.088119139561763,440.59193938199894,5.794971801463232,328.64291660192146
4,5.87165205676358,354.83470338230705,5.660335733161933,287.24506406280733
5,5.699856018329357,298.82437263708806,5.569875498939795,262.40142795053686
