epoch,train_loss,train_ppl,val_loss,val_ppl
1,7.206971122311069,1348.8007216938122,6.470743858396775,645.9640540808772
2,6.4547833315023295,635.7359673723341,6.049117580711823,423.7389495988597
3,6.118319694812481,454.1010247725204,5.8201221914499754,337.0132312496308
4,5.890167783666681,361.46592736336527,5.649518558915522,284.1546291743424
5,5.707585472446103,301.1430715085139,5.545770639718132,256.1519030306967
