epoch,train_loss,train_ppl,val_loss,val_ppl
1,7.171849098358002,1302.2503668864613,6.433945898594381,622.6259259691697
2,6.392061882800275,597.0864335926996,5.946403779015859,382.37575578206156
3,6.021187278297874,412.0675442627979,5.735483085349162,309.662528062319
4,5.792670688667259,327.88754161606255,5.582104461559169,265.63002617205666
5,5.622384224261913,276.547950169557,5.481957480280173,240.31666238797916
