epoch,train_loss,train_ppl,val_loss,val_ppl
1,7.172446280926257,1303.0282803601347,6.4319427128289135,621.3799389654255
2,6.436061328464931,623.9444415730895,6.041071934030642,420.3433738437044
3,6.106428141122336,448.73303816285113,5.8113182109831625,334.0591960593072
4,5.876016188096571,356.38663257766126,5.671660501919118,290.51653736538316
5,5.693260224310906,296.8598744621739,5.570994771622284,262.6952911265221
