epoch,train_loss,train_ppl,val_loss,val_ppl
1,7.139450717758346,1260.7356991436145,6.390340835596408,596.0597034346636
2,6.385187986013773,592.9961971127101,5.989120319838012,399.06340731398234
3,6.065680445729198,430.81572467952947,5.782379739265248,324.5305703526867
4,5.8460011796636895,345.8486251165554,5.626016116577578,277.55416867726814
5,5.669344358987265,289.8444381801241,5.5258562541300575,251.10125248151638
6,5.525572259466608,251.0299511908983,5.452186420198616,233.26762981112498
