epoch,train_loss,train_ppl,val_loss,val_ppl
1,7.20735928204867,1349.3243734517107,6.4907077943732805,658.9896273364733
2,6.461852237537548,640.2458463646526,6.058806683838064,427.8645544098731
3,6.13041772566118,459.62811904410006,5.827098039765802,339.372403478144
4,5.909458943061181,368.50671834385685,5.6859852697491755,294.70806899809276
5,5.736849009335696,310.085792544876,5.574477641748762,263.6118198571339
