epoch,train_loss,train_ppl,val_loss,val_ppl
1,7.15056166901336,1274.8217820182722,6.414785544981467,610.8097555537793
2,6.397088202325019,600.0951358068779,5.989612103650328,399.2597085027041
3,6.059538327730619,428.17771344442593,5.761440545989524,317.8058132148267
4,5.833134678813008,341.42726817865986,5.616784816229282,275.003772630623
5,5.656314420652437,286.09228129674574,5.505097924289287,245.94253824793185
6,5.508750536344149,246.8425135576818,5.444143272309701,231.3989488794863
