epoch,train_loss,train_ppl,val_loss,val_ppl
1,7.210979623632593,1354.2182419837195,6.515602806020518,675.6010952071792
2,6.536160727719089,689.6337969998414,6.154361041639066,470.7659465035096
3,6.228963292204774,507.2293621921348,5.93094610489974,376.51056385710945
4,6.016698795360523,410.2221307730332,5.791582433665737,327.5309104469853
5,5.854599211956714,348.83506311099603,5.679247000230997,292.72892210107767
