epoch,train_loss,train_ppl,val_loss,val_ppl
1,7.1931471300649115,1330.2831989160268,6.454697452095304,635.6813730887271
2,6.435616933382475,623.6672253328576,6.022054274044362,412.4249599875075
3,6.08378891559033,438.6882023829824,5.780976126487296,324.07537463130205
4,5.844030445986814,345.1677207448992,5.613144269713168,274.00442878686874
5,5.654568361116575,285.5931829953263,5.502487735668367,245.3014189183861
