epoch,train_loss,train_ppl,val_loss,val_ppl
1,7.166284567826278,1295.0240790558269,6.405217310298314,604.9932556594127
2,6.3852626427070245,593.0404699005067,5.970391043714691,391.65879651918436
3,6.033292988082627,417.0862304548233,5.739527300709345,310.91740580233323
4,5.800006643994585,330.30175442542645,5.594583514920611,268.9656065996471
5,5.616009052935895,274.79051752670887,5.48332838625367,240.64633986275487
6,5.470378191201956,237.55001510082246,5.40591380967954,222.7196508941315
