epoch,train_loss,train_ppl,val_loss,val_ppl
1,7.161115192866825,1288.346887332744,6.405188176704002,604.9756302880878
2,6.382793174995171,591.5777823813872,5.96774615031165,390.6242694620051
3,6.0313537690070245,416.2781926149743,5.737236860875275,310.2060831228512
4,5.799153043078138,330.01992884554363,5.577991544254809,264.5397554743914
5,5.61930033638999,275.69642098514856,5.48411510348213,240.83573497472096
6,5.47414662001969,238.4468942746583,5.40549438636983,222.62625666824283
