epoch,train_loss,train_ppl,val_loss,val_ppl
1,7.1716315424763835,1301.9670854756914,6.407882847139415,606.6080386466648
2,6.375472761415221,587.2630006117001,5.957987166492927,386.8307142664381
3,6.023566768124149,413.0492222753451,5.735248537842866,309.5899060055627
4,5.7962935235235955,329.0775783825308,5.588621360889562,267.3667632354581
5,5.615589483396395,274.6752479792977,5.479680352923186,239.7700533271333
6,5.474569182057719,238.5476741716444,5.411797130154264,224.0338440955161
