epoch,train_loss,train_ppl,val_loss,val_ppl
1,7.195679394515245,1333.656096501489,6.452850551599516,634.5084163462182
2,6.395450975987818,599.1134480874885,5.971627008768657,392.1431723789168
3,6.042373929704938,420.8910155343611,5.757661375161668,316.60703737270376
4,5.815644852050416,335.50768157471384,5.60199741744881,270.9671016672541
5,5.639850005284175,281.42050372088124,5.494131860673089,243.2602506753747
