epoch,train_loss,train_ppl,val_loss,val_ppl
1,7.158366645370926,1284.8106666831231,6.361828015614898,579.3043664973429
2,6.298003849330601,543.4859467768241,5.880282423304284,357.9103096484984
3,5.935053668179354,378.0602854344003,5.659489006098428,287.00194883385427
4,5.71134126865185,302.2762301382857,5.531943116706134,252.63433238803856
5,5.537933487754006,254.15224767723618,5.4337224343764285,229.0000986583025
6,5.402339103100421,221.92491481322585,5.358749324852248,212.45906294731725
7,5.29125738810826,198.59297693252236,5.311576051006985,202.66939411402856
8,5.201599906612705,181.56249265878816,5.2803539574699325,196.4393942386877
9,5.125595859714322,168.2743797087906,5.248551415383762,190.29041693913788
