epoch,train_loss,train_ppl,val_loss,val_ppl
1,7.237425811759956,1390.5099255439195,6.530304452752825,685.6069146325896
2,6.506244197830215,669.3079029560757,6.090999214494346,441.8627062556204
3,6.171370360520217,478.8418426454893,5.855325355318556,349.0884593663218
4,5.9541622089458395,385.35392932679304,5.713942293990911,303.06348165901323
5,5.778623264629048,323.313766373997,5.610937739660268,273.40049632272303
