epoch,train_loss,train_ppl,val_loss,val_ppl
1,7.199570744425862,1338.8559296569636,6.468693802293208,644.6411480082763
2,6.428679027042904,619.3552558528437,6.02113465612001,412.0458609417085
3,6.066745531308901,431.2748247424227,5.769909686294368,320.50878500413035
4,5.841311724869521,344.2305804622753,5.621261601532265,276.2376653538397
5,5.672664825256531,290.8084564698108,5.527147444662524,251.4256814461415
