epoch,train_loss,train_ppl,val_loss,val_ppl
1,7.161638154611959,1289.020819674338,6.406349664389534,605.6787102630396
2,6.409850126260763,607.8025805893895,6.016405379904205,410.1017829161646
3,6.092130281827547,442.3627654754391,5.8064360333145535,332.43223450164567
4,5.879398101574177,357.59394169039405,5.684513907702303,294.2747655817343
5,5.708384011294339,301.3836419896447,5.5846289930426405,266.3014647133475
6,5.569081923821113,262.1932753095109,5.512935101076073,247.87760622997783
