epoch,train_loss,train_ppl,val_loss,val_ppl
1,7.300960052025307,1481.7217749425922,6.7592522856076656,861.9974268855447
2,6.645647242352679,769.4278928209146,6.246176414952168,516.0359403784319
3,6.335325747936755,564.1531447796152,6.004163096101653,405.11180717332206
4,6.0945677609591336,443.44233065917757,5.826677061632985,339.22956518540667
5,5.902077473841466,365.7966119339138,5.683744859995152,294.04854124779393
