epoch,train_loss,train_ppl,val_loss,val_ppl
1,7.163931627492685,1291.9805466964315,6.431038237802642,620.8181704199122
2,6.400378739321744,602.0730234243423,5.966927920155666,390.3047796310042
3,6.033345896047312,417.1082982221499,5.7276843272794045,307.2569374248384
4,5.795488600964313,328.8128029920747,5.5708190216628495,262.64912649659766
5,5.615011319056615,274.516486445447,5.469227922565742,237.27692586202383
