epoch,train_loss,train_ppl,val_loss,val_ppl
1,7.194397519042084,1331.9476107287066,6.487178146535856,656.6677261807562
2,6.4078760599637485,606.6039215053175,5.963656644698426,389.0300712823683
3,6.037120424665057,418.6856604572052,5.750201980998437,314.2541272383017
4,5.814471689732996,335.1143073964839,5.604779168682446,271.7219141000631
5,5.638343072199559,280.9967412241898,5.498735145693302,244.38262827336098
