epoch,train_loss,train_ppl,val_loss,val_ppl
1,7.188040871958394,1323.507742883103,6.457773984887934,637.6400791454685
2,6.412031834418481,609.1300760149863,5.981642786452457,396.09052612401786
3,6.047024917411995,422.8531338306671,5.750145404219663,314.23634825500966
4,5.814371198088258,335.0806329005895,5.60315520147548,271.2810047302291
5,5.633407292666135,279.61322044543584,5.505610901022771,246.0687334126514
