epoch,train_loss,train_ppl,val_loss,val_ppl
1,7.1834175231811646,1317.4028284273375,6.493256733753624,660.6714945269825
2,6.430973047738547,620.7777005627222,6.006593884910805,406.0977462400082
3,6.069048389926419,432.2691341266513,5.78631165083994,325.80910775943755
4,5.84934764713436,347.0079350047881,5.628661547332279,278.2893910723746
5,5.681299220074664,293.33028305521265,5.529076203440735,251.91108890276422
