epoch,train_loss,train_ppl,val_loss,val_ppl
1,7.193027587799164,1330.124183353072,6.474741420072197,648.5515035258137
2,6.436860033086726,624.442987951462,5.984367340348217,397.1711675744954
3,6.051160872875751,424.60565724104754,5.748328896276753,313.66605356169043
4,5.814046694920375,334.97191581419037,5.59945079260549,270.2779280202493
5,5.6357180483929525,280.26008538146885,5.493646233069686,243.1421454627329
