epoch,train_loss,train_ppl,val_loss,val_ppl
1,7.146215983323165,1269.2938273190312,6.417487140616697,612.4621475658482
2,6.384287441646183,592.4624181093093,5.966523102677821,390.14680941123333
3,6.036401070795812,418.38458561001903,5.738582845006793,310.6238967103856
4,5.807286524034285,332.715085295967,5.596846256238977,269.57489526227226
5,5.630040662271993,278.6734488982372,5.493276149203983,243.05217912619636
6,5.484030849807389,240.81544453382452,5.417323573482711,225.27538192291038
