epoch,train_loss,train_ppl,val_loss,val_ppl
1,7.204140775568121,1344.98854539956,6.475121355670471,648.7979581447943
2,6.444269543284779,629.0869882760662,6.018201085843929,410.8388667184553
3,6.072845488518745,433.9136228143432,5.764078475800291,318.64526936995765
4,5.833438895203613,341.5311517505807,5.60623456460564,272.1176649833419
5,5.650404031698282,284.40635179488896,5.522531069812929,250.2676811918991
