epoch,train_loss,train_ppl,val_loss,val_ppl
1,7.194609836384014,1332.2304363283338,6.499150316717381,664.5767133535866
2,6.500855958426034,665.7112103621487,6.112081880806378,451.27724330797514
3,6.162351710217578,474.54275065924503,5.863995628990623,352.12831097443393
4,5.940786294051103,380.2337875928015,5.724262456057565,306.2073405697518
5,5.779091014252319,323.46503164079445,5.613962805296125,274.2288029783207
