epoch,train_loss,train_ppl,val_loss,val_ppl
1,7.1217270845418925,1238.5877330133285,6.341464807372791,567.62716717066
2,6.3178631542445896,554.3870861613217,5.904061813976764,366.5231974903537
3,5.977827431319596,394.5821793710975,5.71850127911218,304.44829784234383
4,5.765436227266843,319.0782042942594,5.606738035138657,272.2547027035067
5,5.601831231322084,270.92207443571215,5.5179624287748865,249.12690587381044
6,5.472033242007473,237.9434979719184,5.467641008931411,236.90068648191897
7,5.366950562426617,214.20865480010283,5.428718345388614,227.85702419486609
