epoch,train_loss,train_ppl,val_loss,val_ppl
1,7.192831311907087,1329.8631376617373,6.464411357604469,641.8864106630045
2,6.435271025418521,623.4515311800711,6.016431829451943,410.1126300663001
3,6.081208590146426,437.5577032075725,5.769677948145337,320.4345194969532
4,5.835632029351417,342.2809973374519,5.6023747456427,271.069364486439
5,5.643750803334849,282.52041213881756,5.5022301755241205,245.2382471851553
