epoch,train_loss,train_ppl,val_loss,val_ppl
1,7.189142929805028,1324.9671289924784,6.4495721766778145,632.4316659097661
2,6.4068521543458985,605.983134210313,5.9912181490019245,399.9014528989851
3,6.051404565245241,424.7091430085933,5.759461520496724,317.1774893482607
4,5.824762592067966,338.5807417818062,5.612867532323057,273.9286120075201
5,5.648501146566141,283.86567376381356,5.509583721543386,247.0482647890583
