epoch,train_loss,train_ppl,val_loss,val_ppl
1,7.157344400823176,1283.497947058769,6.4036325811804575,604.0352645097863
2,6.374181443041974,586.5051465298425,5.959036678370157,387.23691081230305
3,6.030801386742683,416.04831142133384,5.741660325907548,311.58130827209953
4,5.808263242304266,333.0402129516875,5.593935000400492,268.7912350457083
5,5.632684277964162,279.4111290425192,5.494707073433176,243.40021732702797
6,5.490343818416843,242.34051366767184,5.4197902118542425,225.83174071000118
