epoch,train_loss,train_ppl,val_loss,val_ppl
1,7.30335792318567,1485.2790160528964,6.917008747493603,1009.2964142145727
2,7.124211550949813,1241.668788433772,6.911757149192538,1004.0098883853219
3,7.121399465021673,1238.1820139588588,6.911024595156147,1003.2746662168711
4,7.119066165996479,1235.2963329602119,6.909688021600764,1001.9346115695148
5,7.116987643303809,1232.731408050725,6.911819227653076,1004.0722177081923
