epoch,train_loss,train_ppl,val_loss,val_ppl
1,7.2956007315324145,1473.8019943467955,6.91524727192513,1007.5201281411348
2,6.899161340235235,991.4428835862326,6.3405823212332155,567.126465027031
3,6.4302757846249206,620.3450060388539,6.113125404887698,451.7484077716948
4,6.23730193985092,511.4766528387517,5.966958140442022,390.31657493143854
5,6.0797656613749105,436.92679389647964,5.842716254577135,344.7144022302905
