epoch,train_loss,train_ppl,val_loss,val_ppl
1,7.292109794788189,1468.6660147168811,6.6671337778787345,786.1391228743281
2,6.616801092317411,747.5499249889488,6.227710176249244,506.5941430699904
3,6.30466913009857,547.120532516931,5.993334565395297,400.74870714476845
4,6.082162533606683,437.97530767088705,5.825027527762044,338.67045578932834
5,5.914266710157518,370.28267859984464,5.718996246358443,304.59902707789615
