epoch,train_loss,train_ppl,val_loss,val_ppl
1,7.197579720160821,1336.1928869846436,6.454199708746208,635.3650456446
2,6.409783876382864,607.7623150764462,5.988337781678342,398.75124712419125
