epoch,train_loss,train_ppl,val_loss,val_ppl
1,7.190953971146346,1327.3688734117375,6.456591733877119,636.8866739621358
2,6.409043888469319,607.3127446678304,5.976495152638723,394.0568359752778
3,6.047467397524046,423.0402793337338,5.751500731847558,314.6625302023341
4,5.822669282183424,337.87272867227847,5.612953870676835,273.95226357393733
5,5.64657971813724,283.3207698528312,5.511039384358374,247.40814563065086
