epoch,train_loss,train_ppl,val_loss,val_ppl
1,7.177610704591581,1309.7750771107505,6.463898929497754,641.5575742845593
2,6.449058605121685,632.1069503844253,6.0463102150020465,422.55102764773227
3,6.105249508277519,448.2044582275452,5.800950259585753,330.61357940901274
4,5.869532939080115,354.0835630461403,5.655903489102292,285.9747411042487
5,5.686891000825804,294.97511617292395,5.537889906761355,254.14117171135044
