epoch,train_loss,train_ppl,val_loss,val_ppl
1,7.23709457427948,1390.049412813354,6.542632758920687,694.1116030717927
2,6.550874576701984,699.8559839777628,6.138820266552365,463.5064341414398
3,6.200132936864466,492.814549959923,5.871803364472559,354.8883966703438
4,5.955904244662046,386.0258146892965,5.705141580165485,300.40800885352036
5,5.770723999320687,320.7698857772611,5.589589808594499,267.6258193846094
